geography,year,share_of_enterprises_using_ai_pct,source,source_url,trust_tier
Albania,2021,3.67,"Eurostat isoc_eb_ai (E_AI_TANY, 10+ employees)",https://ec.europa.eu/eurostat/databrowser/product/view/isoc_eb_ai,T1
Albania,2024,8.91,"Eurostat isoc_eb_ai (E_AI_TANY, 10+ employees)",https://ec.europa.eu/eurostat/databrowser/product/view/isoc_eb_ai,T1
Albania,2025,8.99,"Eurostat isoc_eb_ai (E_AI_TANY, 10+ employees)",https://ec.europa.eu/eurostat/databrowser/product/view/isoc_eb_ai,T1
Austria,2021,8.83,"Eurostat isoc_eb_ai (E_AI_TANY, 10+ employees)",https://ec.europa.eu/eurostat/databrowser/product/view/isoc_eb_ai,T1
Austria,2023,10.79,"Eurostat isoc_eb_ai (E_AI_TANY, 10+ employees)",https://ec.europa.eu/eurostat/databrowser/product/view/isoc_eb_ai,T1
Austria,2024,20.27,"Eurostat isoc_eb_ai (E_AI_TANY, 10+ employees)",https://ec.europa.eu/eurostat/databrowser/product/view/isoc_eb_ai,T1
Austria,2025,29.95,"Eurostat isoc_eb_ai (E_AI_TANY, 10+ employees)",https://ec.europa.eu/eurostat/databrowser/product/view/isoc_eb_ai,T1
Bosnia and Herzegovina,2021,2.07,"Eurostat isoc_eb_ai (E_AI_TANY, 10+ employees)",https://ec.europa.eu/eurostat/databrowser/product/view/isoc_eb_ai,T1
Bosnia and Herzegovina,2023,5.34,"Eurostat isoc_eb_ai (E_AI_TANY, 10+ employees)",https://ec.europa.eu/eurostat/databrowser/product/view/isoc_eb_ai,T1
Bosnia and Herzegovina,2024,6.36,"Eurostat isoc_eb_ai (E_AI_TANY, 10+ employees)",https://ec.europa.eu/eurostat/databrowser/product/view/isoc_eb_ai,T1
Bosnia and Herzegovina,2025,10.78,"Eurostat isoc_eb_ai (E_AI_TANY, 10+ employees)",https://ec.europa.eu/eurostat/databrowser/product/view/isoc_eb_ai,T1
Belgium,2021,10.32,"Eurostat isoc_eb_ai (E_AI_TANY, 10+ employees)",https://ec.europa.eu/eurostat/databrowser/product/view/isoc_eb_ai,T1
Belgium,2023,13.81,"Eurostat isoc_eb_ai (E_AI_TANY, 10+ employees)",https://ec.europa.eu/eurostat/databrowser/product/view/isoc_eb_ai,T1
Belgium,2024,24.71,"Eurostat isoc_eb_ai (E_AI_TANY, 10+ employees)",https://ec.europa.eu/eurostat/databrowser/product/view/isoc_eb_ai,T1
Belgium,2025,34.54,"Eurostat isoc_eb_ai (E_AI_TANY, 10+ employees)",https://ec.europa.eu/eurostat/databrowser/product/view/isoc_eb_ai,T1
Bulgaria,2021,3.29,"Eurostat isoc_eb_ai (E_AI_TANY, 10+ employees)",https://ec.europa.eu/eurostat/databrowser/product/view/isoc_eb_ai,T1
Bulgaria,2023,3.62,"Eurostat isoc_eb_ai (E_AI_TANY, 10+ employees)",https://ec.europa.eu/eurostat/databrowser/product/view/isoc_eb_ai,T1
Bulgaria,2024,6.47,"Eurostat isoc_eb_ai (E_AI_TANY, 10+ employees)",https://ec.europa.eu/eurostat/databrowser/product/view/isoc_eb_ai,T1
Bulgaria,2025,8.55,"Eurostat isoc_eb_ai (E_AI_TANY, 10+ employees)",https://ec.europa.eu/eurostat/databrowser/product/view/isoc_eb_ai,T1
Cyprus,2021,2.59,"Eurostat isoc_eb_ai (E_AI_TANY, 10+ employees)",https://ec.europa.eu/eurostat/databrowser/product/view/isoc_eb_ai,T1
Cyprus,2023,4.67,"Eurostat isoc_eb_ai (E_AI_TANY, 10+ employees)",https://ec.europa.eu/eurostat/databrowser/product/view/isoc_eb_ai,T1
Cyprus,2024,7.9,"Eurostat isoc_eb_ai (E_AI_TANY, 10+ employees)",https://ec.europa.eu/eurostat/databrowser/product/view/isoc_eb_ai,T1
Cyprus,2025,9.27,"Eurostat isoc_eb_ai (E_AI_TANY, 10+ employees)",https://ec.europa.eu/eurostat/databrowser/product/view/isoc_eb_ai,T1
Czechia,2021,4.46,"Eurostat isoc_eb_ai (E_AI_TANY, 10+ employees)",https://ec.europa.eu/eurostat/databrowser/product/view/isoc_eb_ai,T1
Czechia,2023,5.9,"Eurostat isoc_eb_ai (E_AI_TANY, 10+ employees)",https://ec.europa.eu/eurostat/databrowser/product/view/isoc_eb_ai,T1
Czechia,2024,11.26,"Eurostat isoc_eb_ai (E_AI_TANY, 10+ employees)",https://ec.europa.eu/eurostat/databrowser/product/view/isoc_eb_ai,T1
Czechia,2025,17.6,"Eurostat isoc_eb_ai (E_AI_TANY, 10+ employees)",https://ec.europa.eu/eurostat/databrowser/product/view/isoc_eb_ai,T1
Germany,2021,10.56,"Eurostat isoc_eb_ai (E_AI_TANY, 10+ employees)",https://ec.europa.eu/eurostat/databrowser/product/view/isoc_eb_ai,T1
Germany,2023,11.55,"Eurostat isoc_eb_ai (E_AI_TANY, 10+ employees)",https://ec.europa.eu/eurostat/databrowser/product/view/isoc_eb_ai,T1
Germany,2024,19.75,"Eurostat isoc_eb_ai (E_AI_TANY, 10+ employees)",https://ec.europa.eu/eurostat/databrowser/product/view/isoc_eb_ai,T1
Germany,2025,25.97,"Eurostat isoc_eb_ai (E_AI_TANY, 10+ employees)",https://ec.europa.eu/eurostat/databrowser/product/view/isoc_eb_ai,T1
Denmark,2021,23.89,"Eurostat isoc_eb_ai (E_AI_TANY, 10+ employees)",https://ec.europa.eu/eurostat/databrowser/product/view/isoc_eb_ai,T1
Denmark,2023,15.17,"Eurostat isoc_eb_ai (E_AI_TANY, 10+ employees)",https://ec.europa.eu/eurostat/databrowser/product/view/isoc_eb_ai,T1
Denmark,2024,27.58,"Eurostat isoc_eb_ai (E_AI_TANY, 10+ employees)",https://ec.europa.eu/eurostat/databrowser/product/view/isoc_eb_ai,T1
Denmark,2025,42.03,"Eurostat isoc_eb_ai (E_AI_TANY, 10+ employees)",https://ec.europa.eu/eurostat/databrowser/product/view/isoc_eb_ai,T1
"Euro area (EA11-1999, EA12-2001, EA13-2007, EA15-2008, EA16-2009, EA17-2011, EA18-2014, EA19-2015, EA20-2023, EA21-2026)",2021,8.36,"Eurostat isoc_eb_ai (E_AI_TANY, 10+ employees)",https://ec.europa.eu/eurostat/databrowser/product/view/isoc_eb_ai,T1
"Euro area (EA11-1999, EA12-2001, EA13-2007, EA15-2008, EA16-2009, EA17-2011, EA18-2014, EA19-2015, EA20-2023, EA21-2026)",2023,8.84,"Eurostat isoc_eb_ai (E_AI_TANY, 10+ employees)",https://ec.europa.eu/eurostat/databrowser/product/view/isoc_eb_ai,T1
"Euro area (EA11-1999, EA12-2001, EA13-2007, EA15-2008, EA16-2009, EA17-2011, EA18-2014, EA19-2015, EA20-2023, EA21-2026)",2024,14.39,"Eurostat isoc_eb_ai (E_AI_TANY, 10+ employees)",https://ec.europa.eu/eurostat/databrowser/product/view/isoc_eb_ai,T1
"Euro area (EA11-1999, EA12-2001, EA13-2007, EA15-2008, EA16-2009, EA17-2011, EA18-2014, EA19-2015, EA20-2023, EA21-2026)",2025,21.37,"Eurostat isoc_eb_ai (E_AI_TANY, 10+ employees)",https://ec.europa.eu/eurostat/databrowser/product/view/isoc_eb_ai,T1
Estonia,2021,2.77,"Eurostat isoc_eb_ai (E_AI_TANY, 10+ employees)",https://ec.europa.eu/eurostat/databrowser/product/view/isoc_eb_ai,T1
Estonia,2023,5.19,"Eurostat isoc_eb_ai (E_AI_TANY, 10+ employees)",https://ec.europa.eu/eurostat/databrowser/product/view/isoc_eb_ai,T1
Estonia,2024,13.89,"Eurostat isoc_eb_ai (E_AI_TANY, 10+ employees)",https://ec.europa.eu/eurostat/databrowser/product/view/isoc_eb_ai,T1
Estonia,2025,23.4,"Eurostat isoc_eb_ai (E_AI_TANY, 10+ employees)",https://ec.europa.eu/eurostat/databrowser/product/view/isoc_eb_ai,T1
Greece,2021,2.61,"Eurostat isoc_eb_ai (E_AI_TANY, 10+ employees)",https://ec.europa.eu/eurostat/databrowser/product/view/isoc_eb_ai,T1
Greece,2023,3.98,"Eurostat isoc_eb_ai (E_AI_TANY, 10+ employees)",https://ec.europa.eu/eurostat/databrowser/product/view/isoc_eb_ai,T1
Greece,2024,9.81,"Eurostat isoc_eb_ai (E_AI_TANY, 10+ employees)",https://ec.europa.eu/eurostat/databrowser/product/view/isoc_eb_ai,T1
Greece,2025,8.93,"Eurostat isoc_eb_ai (E_AI_TANY, 10+ employees)",https://ec.europa.eu/eurostat/databrowser/product/view/isoc_eb_ai,T1
Spain,2021,7.67,"Eurostat isoc_eb_ai (E_AI_TANY, 10+ employees)",https://ec.europa.eu/eurostat/databrowser/product/view/isoc_eb_ai,T1
Spain,2023,9.18,"Eurostat isoc_eb_ai (E_AI_TANY, 10+ employees)",https://ec.europa.eu/eurostat/databrowser/product/view/isoc_eb_ai,T1
Spain,2024,11.31,"Eurostat isoc_eb_ai (E_AI_TANY, 10+ employees)",https://ec.europa.eu/eurostat/databrowser/product/view/isoc_eb_ai,T1
Spain,2025,20.27,"Eurostat isoc_eb_ai (E_AI_TANY, 10+ employees)",https://ec.europa.eu/eurostat/databrowser/product/view/isoc_eb_ai,T1
European Union - 27 countries (from 2020),2021,7.65,"Eurostat isoc_eb_ai (E_AI_TANY, 10+ employees)",https://ec.europa.eu/eurostat/databrowser/product/view/isoc_eb_ai,T1
European Union - 27 countries (from 2020),2023,8.06,"Eurostat isoc_eb_ai (E_AI_TANY, 10+ employees)",https://ec.europa.eu/eurostat/databrowser/product/view/isoc_eb_ai,T1
European Union - 27 countries (from 2020),2024,13.48,"Eurostat isoc_eb_ai (E_AI_TANY, 10+ employees)",https://ec.europa.eu/eurostat/databrowser/product/view/isoc_eb_ai,T1
European Union - 27 countries (from 2020),2025,19.95,"Eurostat isoc_eb_ai (E_AI_TANY, 10+ employees)",https://ec.europa.eu/eurostat/databrowser/product/view/isoc_eb_ai,T1
Finland,2021,15.79,"Eurostat isoc_eb_ai (E_AI_TANY, 10+ employees)",https://ec.europa.eu/eurostat/databrowser/product/view/isoc_eb_ai,T1
Finland,2023,15.1,"Eurostat isoc_eb_ai (E_AI_TANY, 10+ employees)",https://ec.europa.eu/eurostat/databrowser/product/view/isoc_eb_ai,T1
Finland,2024,24.37,"Eurostat isoc_eb_ai (E_AI_TANY, 10+ employees)",https://ec.europa.eu/eurostat/databrowser/product/view/isoc_eb_ai,T1
Finland,2025,37.82,"Eurostat isoc_eb_ai (E_AI_TANY, 10+ employees)",https://ec.europa.eu/eurostat/databrowser/product/view/isoc_eb_ai,T1
France,2021,6.67,"Eurostat isoc_eb_ai (E_AI_TANY, 10+ employees)",https://ec.europa.eu/eurostat/databrowser/product/view/isoc_eb_ai,T1
France,2023,5.88,"Eurostat isoc_eb_ai (E_AI_TANY, 10+ employees)",https://ec.europa.eu/eurostat/databrowser/product/view/isoc_eb_ai,T1
France,2024,9.91,"Eurostat isoc_eb_ai (E_AI_TANY, 10+ employees)",https://ec.europa.eu/eurostat/databrowser/product/view/isoc_eb_ai,T1
France,2025,18.16,"Eurostat isoc_eb_ai (E_AI_TANY, 10+ employees)",https://ec.europa.eu/eurostat/databrowser/product/view/isoc_eb_ai,T1
Croatia,2021,8.74,"Eurostat isoc_eb_ai (E_AI_TANY, 10+ employees)",https://ec.europa.eu/eurostat/databrowser/product/view/isoc_eb_ai,T1
Croatia,2023,7.89,"Eurostat isoc_eb_ai (E_AI_TANY, 10+ employees)",https://ec.europa.eu/eurostat/databrowser/product/view/isoc_eb_ai,T1
Croatia,2024,11.76,"Eurostat isoc_eb_ai (E_AI_TANY, 10+ employees)",https://ec.europa.eu/eurostat/databrowser/product/view/isoc_eb_ai,T1
Croatia,2025,15.19,"Eurostat isoc_eb_ai (E_AI_TANY, 10+ employees)",https://ec.europa.eu/eurostat/databrowser/product/view/isoc_eb_ai,T1
Hungary,2021,2.98,"Eurostat isoc_eb_ai (E_AI_TANY, 10+ employees)",https://ec.europa.eu/eurostat/databrowser/product/view/isoc_eb_ai,T1
Hungary,2023,3.68,"Eurostat isoc_eb_ai (E_AI_TANY, 10+ employees)",https://ec.europa.eu/eurostat/databrowser/product/view/isoc_eb_ai,T1
Hungary,2024,7.41,"Eurostat isoc_eb_ai (E_AI_TANY, 10+ employees)",https://ec.europa.eu/eurostat/databrowser/product/view/isoc_eb_ai,T1
Hungary,2025,10.37,"Eurostat isoc_eb_ai (E_AI_TANY, 10+ employees)",https://ec.europa.eu/eurostat/databrowser/product/view/isoc_eb_ai,T1
Ireland,2021,7.88,"Eurostat isoc_eb_ai (E_AI_TANY, 10+ employees)",https://ec.europa.eu/eurostat/databrowser/product/view/isoc_eb_ai,T1
Ireland,2023,8.01,"Eurostat isoc_eb_ai (E_AI_TANY, 10+ employees)",https://ec.europa.eu/eurostat/databrowser/product/view/isoc_eb_ai,T1
Ireland,2024,14.9,"Eurostat isoc_eb_ai (E_AI_TANY, 10+ employees)",https://ec.europa.eu/eurostat/databrowser/product/view/isoc_eb_ai,T1
Ireland,2025,19.64,"Eurostat isoc_eb_ai (E_AI_TANY, 10+ employees)",https://ec.europa.eu/eurostat/databrowser/product/view/isoc_eb_ai,T1
Italy,2021,6.17,"Eurostat isoc_eb_ai (E_AI_TANY, 10+ employees)",https://ec.europa.eu/eurostat/databrowser/product/view/isoc_eb_ai,T1
Italy,2023,5.05,"Eurostat isoc_eb_ai (E_AI_TANY, 10+ employees)",https://ec.europa.eu/eurostat/databrowser/product/view/isoc_eb_ai,T1
Italy,2024,8.2,"Eurostat isoc_eb_ai (E_AI_TANY, 10+ employees)",https://ec.europa.eu/eurostat/databrowser/product/view/isoc_eb_ai,T1
Italy,2025,16.4,"Eurostat isoc_eb_ai (E_AI_TANY, 10+ employees)",https://ec.europa.eu/eurostat/databrowser/product/view/isoc_eb_ai,T1
Lithuania,2021,4.45,"Eurostat isoc_eb_ai (E_AI_TANY, 10+ employees)",https://ec.europa.eu/eurostat/databrowser/product/view/isoc_eb_ai,T1
Lithuania,2023,4.86,"Eurostat isoc_eb_ai (E_AI_TANY, 10+ employees)",https://ec.europa.eu/eurostat/databrowser/product/view/isoc_eb_ai,T1
Lithuania,2024,8.76,"Eurostat isoc_eb_ai (E_AI_TANY, 10+ employees)",https://ec.europa.eu/eurostat/databrowser/product/view/isoc_eb_ai,T1
Lithuania,2025,21.3,"Eurostat isoc_eb_ai (E_AI_TANY, 10+ employees)",https://ec.europa.eu/eurostat/databrowser/product/view/isoc_eb_ai,T1
Luxembourg,2021,13.0,"Eurostat isoc_eb_ai (E_AI_TANY, 10+ employees)",https://ec.europa.eu/eurostat/databrowser/product/view/isoc_eb_ai,T1
Luxembourg,2023,14.45,"Eurostat isoc_eb_ai (E_AI_TANY, 10+ employees)",https://ec.europa.eu/eurostat/databrowser/product/view/isoc_eb_ai,T1
Luxembourg,2024,23.73,"Eurostat isoc_eb_ai (E_AI_TANY, 10+ employees)",https://ec.europa.eu/eurostat/databrowser/product/view/isoc_eb_ai,T1
Luxembourg,2025,33.61,"Eurostat isoc_eb_ai (E_AI_TANY, 10+ employees)",https://ec.europa.eu/eurostat/databrowser/product/view/isoc_eb_ai,T1
Latvia,2021,3.72,"Eurostat isoc_eb_ai (E_AI_TANY, 10+ employees)",https://ec.europa.eu/eurostat/databrowser/product/view/isoc_eb_ai,T1
Latvia,2023,4.53,"Eurostat isoc_eb_ai (E_AI_TANY, 10+ employees)",https://ec.europa.eu/eurostat/databrowser/product/view/isoc_eb_ai,T1
Latvia,2024,8.83,"Eurostat isoc_eb_ai (E_AI_TANY, 10+ employees)",https://ec.europa.eu/eurostat/databrowser/product/view/isoc_eb_ai,T1
Latvia,2025,12.21,"Eurostat isoc_eb_ai (E_AI_TANY, 10+ employees)",https://ec.europa.eu/eurostat/databrowser/product/view/isoc_eb_ai,T1
Montenegro,2021,3.34,"Eurostat isoc_eb_ai (E_AI_TANY, 10+ employees)",https://ec.europa.eu/eurostat/databrowser/product/view/isoc_eb_ai,T1
Montenegro,2023,5.61,"Eurostat isoc_eb_ai (E_AI_TANY, 10+ employees)",https://ec.europa.eu/eurostat/databrowser/product/view/isoc_eb_ai,T1
Montenegro,2024,7.91,"Eurostat isoc_eb_ai (E_AI_TANY, 10+ employees)",https://ec.europa.eu/eurostat/databrowser/product/view/isoc_eb_ai,T1
Montenegro,2025,10.05,"Eurostat isoc_eb_ai (E_AI_TANY, 10+ employees)",https://ec.europa.eu/eurostat/databrowser/product/view/isoc_eb_ai,T1
Malta,2021,10.16,"Eurostat isoc_eb_ai (E_AI_TANY, 10+ employees)",https://ec.europa.eu/eurostat/databrowser/product/view/isoc_eb_ai,T1
Malta,2023,13.17,"Eurostat isoc_eb_ai (E_AI_TANY, 10+ employees)",https://ec.europa.eu/eurostat/databrowser/product/view/isoc_eb_ai,T1
Malta,2024,17.3,"Eurostat isoc_eb_ai (E_AI_TANY, 10+ employees)",https://ec.europa.eu/eurostat/databrowser/product/view/isoc_eb_ai,T1
Malta,2025,21.51,"Eurostat isoc_eb_ai (E_AI_TANY, 10+ employees)",https://ec.europa.eu/eurostat/databrowser/product/view/isoc_eb_ai,T1
Netherlands,2021,13.1,"Eurostat isoc_eb_ai (E_AI_TANY, 10+ employees)",https://ec.europa.eu/eurostat/databrowser/product/view/isoc_eb_ai,T1
Netherlands,2023,14.1,"Eurostat isoc_eb_ai (E_AI_TANY, 10+ employees)",https://ec.europa.eu/eurostat/databrowser/product/view/isoc_eb_ai,T1
Netherlands,2024,23.06,"Eurostat isoc_eb_ai (E_AI_TANY, 10+ employees)",https://ec.europa.eu/eurostat/databrowser/product/view/isoc_eb_ai,T1
Netherlands,2025,33.21,"Eurostat isoc_eb_ai (E_AI_TANY, 10+ employees)",https://ec.europa.eu/eurostat/databrowser/product/view/isoc_eb_ai,T1
Norway,2021,10.82,"Eurostat isoc_eb_ai (E_AI_TANY, 10+ employees)",https://ec.europa.eu/eurostat/databrowser/product/view/isoc_eb_ai,T1
Norway,2023,9.17,"Eurostat isoc_eb_ai (E_AI_TANY, 10+ employees)",https://ec.europa.eu/eurostat/databrowser/product/view/isoc_eb_ai,T1
Norway,2024,20.77,"Eurostat isoc_eb_ai (E_AI_TANY, 10+ employees)",https://ec.europa.eu/eurostat/databrowser/product/view/isoc_eb_ai,T1
Norway,2025,28.89,"Eurostat isoc_eb_ai (E_AI_TANY, 10+ employees)",https://ec.europa.eu/eurostat/databrowser/product/view/isoc_eb_ai,T1
Poland,2021,2.86,"Eurostat isoc_eb_ai (E_AI_TANY, 10+ employees)",https://ec.europa.eu/eurostat/databrowser/product/view/isoc_eb_ai,T1
Poland,2023,3.67,"Eurostat isoc_eb_ai (E_AI_TANY, 10+ employees)",https://ec.europa.eu/eurostat/databrowser/product/view/isoc_eb_ai,T1
Poland,2024,5.9,"Eurostat isoc_eb_ai (E_AI_TANY, 10+ employees)",https://ec.europa.eu/eurostat/databrowser/product/view/isoc_eb_ai,T1
Poland,2025,8.36,"Eurostat isoc_eb_ai (E_AI_TANY, 10+ employees)",https://ec.europa.eu/eurostat/databrowser/product/view/isoc_eb_ai,T1
Portugal,2021,7.2,"Eurostat isoc_eb_ai (E_AI_TANY, 10+ employees)",https://ec.europa.eu/eurostat/databrowser/product/view/isoc_eb_ai,T1
Portugal,2023,7.86,"Eurostat isoc_eb_ai (E_AI_TANY, 10+ employees)",https://ec.europa.eu/eurostat/databrowser/product/view/isoc_eb_ai,T1
Portugal,2024,8.63,"Eurostat isoc_eb_ai (E_AI_TANY, 10+ employees)",https://ec.europa.eu/eurostat/databrowser/product/view/isoc_eb_ai,T1
Portugal,2025,11.54,"Eurostat isoc_eb_ai (E_AI_TANY, 10+ employees)",https://ec.europa.eu/eurostat/databrowser/product/view/isoc_eb_ai,T1
Romania,2021,1.38,"Eurostat isoc_eb_ai (E_AI_TANY, 10+ employees)",https://ec.europa.eu/eurostat/databrowser/product/view/isoc_eb_ai,T1
Romania,2023,1.51,"Eurostat isoc_eb_ai (E_AI_TANY, 10+ employees)",https://ec.europa.eu/eurostat/databrowser/product/view/isoc_eb_ai,T1
Romania,2024,3.07,"Eurostat isoc_eb_ai (E_AI_TANY, 10+ employees)",https://ec.europa.eu/eurostat/databrowser/product/view/isoc_eb_ai,T1
Romania,2025,5.21,"Eurostat isoc_eb_ai (E_AI_TANY, 10+ employees)",https://ec.europa.eu/eurostat/databrowser/product/view/isoc_eb_ai,T1
Serbia,2021,0.9,"Eurostat isoc_eb_ai (E_AI_TANY, 10+ employees)",https://ec.europa.eu/eurostat/databrowser/product/view/isoc_eb_ai,T1
Serbia,2023,1.82,"Eurostat isoc_eb_ai (E_AI_TANY, 10+ employees)",https://ec.europa.eu/eurostat/databrowser/product/view/isoc_eb_ai,T1
Serbia,2024,6.95,"Eurostat isoc_eb_ai (E_AI_TANY, 10+ employees)",https://ec.europa.eu/eurostat/databrowser/product/view/isoc_eb_ai,T1
Serbia,2025,10.12,"Eurostat isoc_eb_ai (E_AI_TANY, 10+ employees)",https://ec.europa.eu/eurostat/databrowser/product/view/isoc_eb_ai,T1
Sweden,2021,9.92,"Eurostat isoc_eb_ai (E_AI_TANY, 10+ employees)",https://ec.europa.eu/eurostat/databrowser/product/view/isoc_eb_ai,T1
Sweden,2023,10.37,"Eurostat isoc_eb_ai (E_AI_TANY, 10+ employees)",https://ec.europa.eu/eurostat/databrowser/product/view/isoc_eb_ai,T1
Sweden,2024,25.09,"Eurostat isoc_eb_ai (E_AI_TANY, 10+ employees)",https://ec.europa.eu/eurostat/databrowser/product/view/isoc_eb_ai,T1
Sweden,2025,35.04,"Eurostat isoc_eb_ai (E_AI_TANY, 10+ employees)",https://ec.europa.eu/eurostat/databrowser/product/view/isoc_eb_ai,T1
Slovenia,2021,11.73,"Eurostat isoc_eb_ai (E_AI_TANY, 10+ employees)",https://ec.europa.eu/eurostat/databrowser/product/view/isoc_eb_ai,T1
Slovenia,2023,11.37,"Eurostat isoc_eb_ai (E_AI_TANY, 10+ employees)",https://ec.europa.eu/eurostat/databrowser/product/view/isoc_eb_ai,T1
Slovenia,2024,20.89,"Eurostat isoc_eb_ai (E_AI_TANY, 10+ employees)",https://ec.europa.eu/eurostat/databrowser/product/view/isoc_eb_ai,T1
Slovenia,2025,21.61,"Eurostat isoc_eb_ai (E_AI_TANY, 10+ employees)",https://ec.europa.eu/eurostat/databrowser/product/view/isoc_eb_ai,T1
Slovakia,2021,5.19,"Eurostat isoc_eb_ai (E_AI_TANY, 10+ employees)",https://ec.europa.eu/eurostat/databrowser/product/view/isoc_eb_ai,T1
Slovakia,2023,7.04,"Eurostat isoc_eb_ai (E_AI_TANY, 10+ employees)",https://ec.europa.eu/eurostat/databrowser/product/view/isoc_eb_ai,T1
Slovakia,2024,10.78,"Eurostat isoc_eb_ai (E_AI_TANY, 10+ employees)",https://ec.europa.eu/eurostat/databrowser/product/view/isoc_eb_ai,T1
Slovakia,2025,18.0,"Eurostat isoc_eb_ai (E_AI_TANY, 10+ employees)",https://ec.europa.eu/eurostat/databrowser/product/view/isoc_eb_ai,T1
Türkiye,2021,2.69,"Eurostat isoc_eb_ai (E_AI_TANY, 10+ employees)",https://ec.europa.eu/eurostat/databrowser/product/view/isoc_eb_ai,T1
Türkiye,2023,5.51,"Eurostat isoc_eb_ai (E_AI_TANY, 10+ employees)",https://ec.europa.eu/eurostat/databrowser/product/view/isoc_eb_ai,T1
Türkiye,2024,4.42,"Eurostat isoc_eb_ai (E_AI_TANY, 10+ employees)",https://ec.europa.eu/eurostat/databrowser/product/view/isoc_eb_ai,T1
Türkiye,2025,7.41,"Eurostat isoc_eb_ai (E_AI_TANY, 10+ employees)",https://ec.europa.eu/eurostat/databrowser/product/view/isoc_eb_ai,T1
